{
  "view/App.view.xml": 1744794590390,
  "controller/App.controller.js": 1744794590386,
  "controller/View2.controller.js": 1752233283007,
  "controller/View1.controller.js": 1752489558885,
  "model/models.js": 1744794590382,
  "manifest.json": 1752232625275,
  "Component.js": 1744794590378,
  "controller/App-dbg.controller.js": 1744794590386,
  "controller/App.controller.js.map": 1752489607923,
  "controller/View2-dbg.controller.js": 1752233283007,
  "controller/View2.controller.js.map": 1752489607946,
  "controller/View1-dbg.controller.js": 1752489558885,
  "controller/View1.controller.js.map": 1752489607951,
  "model/models-dbg.js": 1744794590382,
  "model/models.js.map": 1752489607924,
  "Component-dbg.js": 1744794590378,
  "Component.js.map": 1752489607939,
  "Component-preload.js": 1752489608143,
  "Component-preload.js.map": 1752489608143,
  "view/View2.view.xml": 1751626297662,
  "view/View1.view.xml": 1752063933852,
  "i18n/i18n.properties": 1752305395102,
  "css/style.css": 1744794590386,
  "index.html": 1752063933852
}