{
  "controller/View2.controller.js.map": 1753515104860,
  "model/models.js": 1744794590382,
  "controller/View2.controller.js": 1753510044338,
  "controller/View1.controller.js": 1753515087745,
  "controller/App.controller.js": 1744794590386,
  "manifest.json": 1752232625275,
  "Component.js": 1744794590378,
  "Component-dbg.js": 1744794590378,
  "Component.js.map": 1753515104830,
  "controller/View2-dbg.controller.js": 1753510044338,
  "i18n/i18n.properties": 1752305395102,
  "controller/View1-dbg.controller.js": 1753515087745,
  "controller/View1.controller.js.map": 1753515104871,
  "controller/App-dbg.controller.js": 1744794590386,
  "controller/App.controller.js.map": 1753515104816,
  "model/models-dbg.js": 1744794590382,
  "model/models.js.map": 1753515104819,
  "Component-preload.js": 1753515104948,
  "Component-preload.js.map": 1753515104948,
  "view/View2.view.xml": 1753510048226,
  "view/View1.view.xml": 1753509995494,
  "view/App.view.xml": 1744794590390,
  "css/style.css": 1753455568376,
  "index.html": 1752063933852
}