{
  "controller/View2-dbg.controller.js": 1752063933852,
  "controller/View2.controller.js": 1752063933852,
  "model/models.js": 1744794590382,
  "controller/View1.controller.js": 1752142280911,
  "controller/App.controller.js": 1744794590386,
  "manifest.json": 1752228431512,
  "Component.js": 1744794590378,
  "controller/App-dbg.controller.js": 1744794590386,
  "controller/App.controller.js.map": 1752228473244,
  "model/models-dbg.js": 1744794590382,
  "model/models.js.map": 1752228473266,
  "controller/View1-dbg.controller.js": 1752142280911,
  "controller/View1.controller.js.map": 1752228473272,
  "i18n/i18n.properties": 1750863066811,
  "controller/View2.controller.js.map": 1752228473260,
  "Component-dbg.js": 1744794590378,
  "Component.js.map": 1752228473247,
  "Component-preload.js": 1752228473359,
  "Component-preload.js.map": 1752228473359,
  "view/View2.view.xml": 1751626297662,
  "view/View1.view.xml": 1752063933852,
  "view/App.view.xml": 1744794590390,
  "css/style.css": 1744794590386,
  "index.html": 1752063933852
}