{
  "model/models-dbg.js": 1744794590382,
  "model/models.js": 1744794590382,
  "controller/View2.controller.js": 1745488086989,
  "controller/View1.controller.js": 1750927444297,
  "controller/App.controller.js": 1744794590386,
  "manifest.json": 1751547639556,
  "Component.js": 1744794590378,
  "controller/App-dbg.controller.js": 1744794590386,
  "controller/App.controller.js.map": 1751552471146,
  "controller/View2-dbg.controller.js": 1745488086989,
  "controller/View2.controller.js.map": 1751552471163,
  "controller/View1-dbg.controller.js": 1750927444297,
  "controller/View1.controller.js.map": 1751552471169,
  "i18n/i18n.properties": 1750863066811,
  "model/models.js.map": 1751552471135,
  "Component-dbg.js": 1744794590378,
  "Component.js.map": 1751552471138,
  "Component-preload.js": 1751552471251,
  "Component-preload.js.map": 1751552471251,
  "view/View2.view.xml": 1745487975782,
  "view/View1.view.xml": 1751546041669,
  "view/App.view.xml": 1744794590390,
  "css/style.css": 1744794590386,
  "index.html": 1744814659659
}