{
  "model/models.js.map": 1753886355040,
  "controller/View1.controller.js": 1753886329711,
  "controller/View2.controller.js": 1753700489501,
  "model/models.js": 1744794590382,
  "controller/App.controller.js": 1744794590386,
  "manifest.json": 1752232625275,
  "Component.js": 1744794590378,
  "controller/View2-dbg.controller.js": 1753700489501,
  "controller/View2.controller.js.map": 1753886355105,
  "controller/View1-dbg.controller.js": 1753886329711,
  "controller/View1.controller.js.map": 1753886355119,
  "model/models-dbg.js": 1744794590382,
  "i18n/i18n.properties": 1752305395102,
  "controller/App-dbg.controller.js": 1744794590386,
  "controller/App.controller.js.map": 1753886355040,
  "Component-dbg.js": 1744794590378,
  "Component.js.map": 1753886355049,
  "Component-preload.js": 1753886355343,
  "Component-preload.js.map": 1753886355343,
  "view/View2.view.xml": 1753700593745,
  "view/View1.view.xml": 1753784258342,
  "view/CreateVendor.fragment.xml": 1753784155914,
  "view/App.view.xml": 1744794590390,
  "css/style.css": 1753455568376,
  "index.html": 1752063933852
}