{
  "controller/App-dbg.controller.js": 1744794590386,
  "controller/App.controller.js": 1744794590386,
  "controller/View2.controller.js": 1752233283007,
  "controller/View1.controller.js": 1752304847634,
  "model/models.js": 1744794590382,
  "manifest.json": 1752232625275,
  "Component.js": 1744794590378,
  "Component-dbg.js": 1744794590378,
  "Component.js.map": 1752304880588,
  "controller/View2-dbg.controller.js": 1752233283007,
  "controller/View2.controller.js.map": 1752304880653,
  "controller/View1-dbg.controller.js": 1752304847634,
  "controller/View1.controller.js.map": 1752304880631,
  "model/models-dbg.js": 1744794590382,
  "model/models.js.map": 1752304880591,
  "i18n/i18n.properties": 1750863066811,
  "controller/App.controller.js.map": 1752304880590,
  "Component-preload.js": 1752304880747,
  "Component-preload.js.map": 1752304880747,
  "view/View2.view.xml": 1751626297662,
  "view/View1.view.xml": 1752063933852,
  "view/App.view.xml": 1744794590390,
  "css/style.css": 1744794590386,
  "index.html": 1752063933852
}