{
  "controller/View2.controller.js.map": 1751880203494,
  "controller/View2.controller.js": 1751626959997,
  "model/models.js": 1744794590382,
  "controller/View1.controller.js": 1750927444297,
  "controller/App.controller.js": 1744794590386,
  "manifest.json": 1751547639556,
  "Component.js": 1744794590378,
  "controller/App-dbg.controller.js": 1744794590386,
  "controller/App.controller.js.map": 1751880203487,
  "model/models-dbg.js": 1744794590382,
  "model/models.js.map": 1751880203488,
  "controller/View1-dbg.controller.js": 1750927444297,
  "controller/View1.controller.js.map": 1751880203499,
  "controller/View2-dbg.controller.js": 1751626959997,
  "i18n/i18n.properties": 1750863066811,
  "Component-dbg.js": 1744794590378,
  "Component.js.map": 1751880203491,
  "Component-preload.js": 1751880203601,
  "Component-preload.js.map": 1751880203602,
  "view/View2.view.xml": 1751626297662,
  "view/View1.view.xml": 1751623259406,
  "view/App.view.xml": 1744794590390,
  "css/style.css": 1744794590386,
  "index.html": 1744814659659
}